id;name;email;active
1;worriedly;AnaJulia.Costa23@live.com;false
2;unimpressively;Benjamin.Moreira28@bol.com.br;false
3;gadzooks till opposite;Alexandre13@gmail.com;true
4;shrilly pretty coolly;Natalia_Costa@yahoo.com;true
5;that brightly management;Paula_Santos13@gmail.com;false
6;out;Mercia_Moreira@live.com;true
7;lifestyle;Nubia50@gmail.com;false
8;astride laughter;Julio_Macedo@bol.com.br;false
9;considering behind fully;MariaAlice62@bol.com.br;false
10;secrecy whenever;Pablo22@gmail.com;false
