id;content;creation_date;publish_date;user_id
1;miserably;2025-03-16T11:01:07;2025-03-16T09:19:35;lock
2;who;2025-03-16T01:26:56;2025-03-16T17:47:34;except forecast
3;utterly;2025-03-16T03:27:16;2025-03-16T04:02:12;rosemary
4;furthermore yet;2025-03-16T07:36:51;2025-03-15T22:33:52;despite hubris
5;glittering times king;2025-03-16T00:47:35;2025-03-16T10:21:55;shanghai worldly sick
6;ouch sign;2025-03-16T02:48:54;2025-03-15T23:41:47;behind brave
7;pish hmph apud;2025-03-16T03:40:08;2025-03-16T18:14:28;horse
8;through;2025-03-16T00:34:19;2025-03-16T12:42:08;unless
9;well cycle whenever;2025-03-16T19:21:10;2025-03-16T13:56:48;upwardly
10;oof despite when;2025-03-16T01:21:35;2025-03-16T01:25:50;aw who oh
