id;title;content;creation_date;publish_date
1;quintuple except confusion;../fake-data/blob/hipster.txt;2025-03-16T06:34:20;2025-03-16T03:54:02
2;while how slow;../fake-data/blob/hipster.txt;2025-03-16T14:12:40;2025-03-16T04:42:50
3;vice towards rout;../fake-data/blob/hipster.txt;2025-03-16T13:45:50;2025-03-16T20:30:36
4;filter;../fake-data/blob/hipster.txt;2025-03-16T01:03:37;2025-03-16T02:25:19
5;midst interior scaly;../fake-data/blob/hipster.txt;2025-03-16T11:14:45;2025-03-16T21:12:36
6;psst delightfully;../fake-data/blob/hipster.txt;2025-03-15T23:35:30;2025-03-16T05:58:34
7;diligent oof warmly;../fake-data/blob/hipster.txt;2025-03-16T06:51:18;2025-03-16T16:54:24
8;with community knowledgeable;../fake-data/blob/hipster.txt;2025-03-16T14:34:36;2025-03-16T18:55:54
9;where strategy drat;../fake-data/blob/hipster.txt;2025-03-16T01:07:24;2025-03-16T04:47:10
10;although ha;../fake-data/blob/hipster.txt;2025-03-16T07:38:17;2025-03-16T17:35:03
